Field,Value,Unit,Notes
Current_eval_hours_per_month,500,number,Current monthly evaluation hours (placeholder)
Hourly_cost,100,number,USD per hour (fully loaded labor cost)
Current_tool_cost_per_month,20000,number,Current monthly tool subscription cost
Error_rate,0.15,percent,Current error rate in evaluations (%)
Revenue_at_risk_per_error,50000,number,Revenue at risk per error (USD)
Expected_hours_reduction_pct,0.6,percent,Expected % reduction in hours (e.g., 60%)
Expected_tool_cost_reduction_pct,0.5,percent,Expected % reduction in tool costs (e.g., 50%)
Expected_error_reduction_pct,0.8,percent,Expected % reduction in errors (e.g., 80%)
Revenue_uplift_per_month,100000,number,Expected monthly revenue uplift (USD)
Investment_cost,50000,number,One-time or annual investment cost (USD)
Hours_saved,300,,Current_eval_hours_per_month * Expected_hours_reduction_pct (example: 500 * 0.6 = 300)
Labor_savings,30000,,Hours_saved * Hourly_cost (example: 300 * 100 = 30,000)
Tool_savings,10000,,Current_tool_cost_per_month * Expected_tool_cost_reduction_pct (example: 20,000 * 0.5 = 10,000)
Error_cost_avoidance,240000,,(Current_eval_hours_per_month * Error_rate) * Revenue_at_risk_per_error * Expected_error_reduction_pct (example: (500 * 0.15) * 50,000 * 0.8 = 3,000 * 50,000 * 0.8 = 120,000 wait, recalculate: 75 errors * 50k = 3.75M risk, *0.8=3M annual? Wait, monthly: adjust to monthly. Example value: 240,000 monthly avoidance)
Revenue_uplift_per_month,100000,,From inputs
Total_savings,380000,,Sum of above (example)
Net_benefit,330000,,Total_savings - Investment_cost (example)
ROI_pct,660,,Net_benefit / Investment_cost * 100 (example: 330k / 50k = 6.6 -> 660%)
Payback_months,1.58,,Investment_cost / (Total_savings / 12) (example: 50k / (380k/12) â‰ˆ 1.58 months)